Individual,Parent,WinCount,TotalHealthDifference,DamageDone,NumTurns,CardsDrawn,HandSize,ManaSpent,ManaWasted,StrategyAlignment,Dust,DeckManaSum,DeckManaVariance,NumMinionCards,NumSpellCards,S0:WinCount,S0:Alignment,Deck
0,-1,46,-2002,2710320,7025000,1098932,4875444,3666903,525266,-94025,8660,118,3062222,25,5,46,-94025,Goldshire Footman*Fen Creeper*Guardian of Kings*Hammer of Wrath*Hammer of Wrath*Earthen Ring Farseer*Stormwind Knight*Southsea Deckhand*Ravenholdt Assassin*Injured Blademaster*Spiteful Smith*Darkscale Healer*Young Priestess*Alarm-o-Bot*Spellbreaker*Mana Addict*Ancient Brewmaster*Leeroy Jenkins*Divine Favor*Avenging Wrath*Avenging Wrath*Tauren Warrior*Nat Pagle*Nightblade*Bloodsail Raider*Doomsayer*Violet Teacher*Millhouse Manastorm*Gruul*Flesheating Ghoul
1,-1,54,-2133,3253090,6875000,1051636,4491636,3386181,691636,-152535,3660,125,7072222,26,4,54,-152535,Blessing of Might*Hammer of Wrath*Magma Rager*Wolfrider*Stormpike Commando*Archmage*Spiteful Smith*Stormwind Champion*Venture Co. Mercenary*Venture Co. Mercenary*Alarm-o-Bot*Voodoo Doctor*Silvermoon Guardian*Sunwalker*Youthful Brewmaster*Sunfury Protector*Tinkmaster Overspark*Gadgetzan Auctioneer*Abomination*Coldlight Seer*Mountain Giant*Mountain Giant*Dire Wolf Alpha*Frost Elemental*Divine Favor*Murloc Tidehunter*Equality*Bloodsail Corsair*Flesheating Ghoul*Flesheating Ghoul
4,-1,57,-1629,3310218,6850000,1059854,4380291,3473722,556934,-66823,12360,127,7112222,29,1,57,-66823,Magma Rager*Frostwolf Grunt*Ironforge Rifleman*Ogre Magi*Ironbeak Owl*Stormwind Champion*Frostwolf Warlord*The Black Knight*Acolyte of Pain*Bloodmage Thalnos*Scarlet Crusader*Leper Gnome*Leper Gnome*Twilight Drake*Questing Adventurer*Ancient Brewmaster*Argent Commander*Lorewalker Cho*Mountain Giant*Holy Wrath*Tirion Fordring*Murloc Warleader*Nat Pagle*Nozdormu*Priestess of Elune*Sea Giant*Blood Knight*Bloodsail Raider*Bloodsail Raider*Southsea Captain
5,-1,73,-937,3629708,7035000,1000710,3609097,3528784,657427,-42670,4820,96,3426666,28,2,73,-42670,Oasis Snapjaw*Raid Leader*Raid Leader*Silverback Patriarch*Kobold Geomancer*Southsea Deckhand*Ravenholdt Assassin*Chillwind Yeti*War Golem*Abusive Sergeant*Stormwind Champion*Angry Chicken*Jungle Panther*Questing Adventurer*Sunfury Protector*Defender of Argus*Abomination*Demolisher*Eye for an Eye*Dire Wolf Alpha*Dire Wolf Alpha*Frost Elemental*Repentance*Gurubashi Berserker*Nat Pagle*Nightblade*Hungry Crab*Knife Juggler*Violet Teacher*Millhouse Manastorm
13,-1,83,-631,4221976,6780000,1002212,3697640,3359882,655604,32561,4860,104,5448888,27,2,83,32561,Light's Justice*Frostwolf Grunt*Frostwolf Grunt*Raid Leader*Murloc Raider*Chillwind Yeti*Boulderfist Ogre*Reckless Rocketeer*Spiteful Smith*Frostwolf Warlord*Argent Squire*Questing Adventurer*Questing Adventurer*Crazed Alchemist*Argent Commander*Secretkeeper*Arcane Golem*Demolisher*Mountain Giant*Noble Sacrifice*Dire Wolf Alpha*Emperor Cobra*Repentance*Harvest Golem*Priestess of Elune*Cult Master*Illidan Stormrage*Faerie Dragon*Millhouse Manastorm*Stampeding Kodo
18,-1,90,-358,3991003,7225000,1000000,3869896,3479584,775086,101272,4920,103,2912222,24,3,90,101272,Blessing of Might*Consecration*Truesilver Champion*Truesilver Champion*River Crocolisk*Silverback Patriarch*Southsea Deckhand*Ravenholdt Assassin*Young Dragonhawk*Injured Blademaster*Venture Co. Mercenary*Darkscale Healer*Shattered Sun Cleric*Shattered Sun Cleric*Scarlet Crusader*Stranglethorn Tiger*Windfury Harpy*Crazed Alchemist*Argent Commander*Secretkeeper*Secretkeeper*Demolisher*Blessed Champion*Sword of Justice*Aldor Peacekeeper*Tauren Warrior*Murloc Tidecaller*Illidan Stormrage*Dread Corsair*Captain Greenskin
40,-1,109,293,4340974,6980000,1044412,3315186,3359598,770773,200891,3960,95,3938888,25,4,109,200891,Goldshire Footman*Blessing of Might*Blessing of Kings*Consecration*Truesilver Champion*Ironfur Grizzly*Southsea Deckhand*Young Dragonhawk*Chillwind Yeti*Elven Archer*Boulderfist Ogre*Stormwind Champion*Wisp*Jungle Panther*Leper Gnome*Mana Addict*Ancient Brewmaster*Crazed Alchemist*Lay on Hands*Aldor Peacekeeper*Gurubashi Berserker*Murloc Tidehunter*Priestess of Elune*Blood Knight*Illidan Stormrage*Hungry Crab*Bloodsail Raider*Violet Teacher*Southsea Captain*Flesheating Ghoul
543,40,117,631,4545779,6990000,1055793,3121602,3301144,836194,259561,5420,91,3965555,25,4,117,259561,Goldshire Footman*Blessing of Might*Blessing of Kings*Consecration*Truesilver Champion*Ironfur Grizzly*Southsea Deckhand*Young Dragonhawk*Chillwind Yeti*Elven Archer*Boulderfist Ogre*Stormwind Champion*Wisp*Jungle Panther*Leper Gnome*Mana Addict*Crazed Alchemist*Acidic Swamp Ooze*Lay on Hands*Aldor Peacekeeper*Gurubashi Berserker*Murloc Tidehunter*Priestess of Elune*Blood Knight*Illidan Stormrage*Hungry Crab*Bloodsail Raider*Southsea Captain*Millhouse Manastorm*Flesheating Ghoul
548,40,119,693,4616147,7060000,1038243,3492917,3332152,827195,219033,4020,97,3778888,25,4,119,219033,Goldshire Footman*Blessing of Might*Blessing of Kings*Consecration*Truesilver Champion*Ironfur Grizzly*Southsea Deckhand*Young Dragonhawk*Chillwind Yeti*Elven Archer*Boulderfist Ogre*Stormwind Champion*Wisp*Jungle Panther*Mana Addict*Ancient Brewmaster*Crazed Alchemist*Emperor Cobra*Lay on Hands*Aldor Peacekeeper*Gurubashi Berserker*Murloc Tidehunter*Priestess of Elune*Blood Knight*Illidan Stormrage*Hungry Crab*Bloodsail Raider*Violet Teacher*Southsea Captain*Flesheating Ghoul
571,40,120,742,4613439,6920000,1051300,3250722,3248554,862716,253001,5760,91,3432222,25,4,120,253001,Goldshire Footman*Blessing of Might*Blessing of Kings*Consecration*Truesilver Champion*Southsea Deckhand*Young Dragonhawk*Chillwind Yeti*Elven Archer*Wisp*King Mukla*Jungle Panther*Leper Gnome*Mana Addict*Ancient Brewmaster*Crazed Alchemist*Mind Control Tech*Gadgetzan Auctioneer*Lay on Hands*Aldor Peacekeeper*Gurubashi Berserker*Murloc Tidehunter*Priestess of Elune*Blood Knight*Illidan Stormrage*Hungry Crab*Bloodsail Raider*Violet Teacher*Southsea Captain*Flesheating Ghoul
698,40,121,595,4361911,7115000,1054813,3328179,3361208,833450,239047,4000,93,3956666,25,4,121,239047,Goldshire Footman*Blessing of Might*Blessing of Kings*Consecration*Truesilver Champion*Ironfur Grizzly*Southsea Deckhand*Young Dragonhawk*Elven Archer*Boulderfist Ogre*Stormwind Champion*Wisp*Jungle Panther*Leper Gnome*Mana Addict*Ancient Brewmaster*Crazed Alchemist*Dire Wolf Alpha*Lay on Hands*Aldor Peacekeeper*Gurubashi Berserker*Murloc Tidehunter*Priestess of Elune*Blood Knight*Illidan Stormrage*Hungry Crab*Bloodsail Raider*Violet Teacher*Southsea Captain*Flesheating Ghoul
898,40,124,822,4484890,7280000,1041208,3275412,3438873,864697,220407,3960,93,3623333,25,4,124,220407,Goldshire Footman*Blessing of Might*Blessing of Kings*Consecration*Truesilver Champion*Ironfur Grizzly*Ironfur Grizzly*Southsea Deckhand*Young Dragonhawk*Chillwind Yeti*Elven Archer*Stormwind Champion*Wisp*Jungle Panther*Leper Gnome*Ancient Brewmaster*Crazed Alchemist*Mind Control Tech*Lay on Hands*Aldor Peacekeeper*Gurubashi Berserker*Murloc Tidehunter*Priestess of Elune*Blood Knight*Illidan Stormrage*Hungry Crab*Bloodsail Raider*Violet Teacher*Southsea Captain*Flesheating Ghoul
1398,571,129,991,4617583,6995000,1065761,3421015,3342387,800571,262096,5760,94,3115555,25,4,129,262096,Goldshire Footman*Blessing of Might*Blessing of Kings*Consecration*Truesilver Champion*Southsea Deckhand*Young Dragonhawk*Chillwind Yeti*Elven Archer*King Mukla*Jungle Panther*Jungle Panther*Leper Gnome*Mana Addict*Ancient Brewmaster*Crazed Alchemist*Mind Control Tech*Gadgetzan Auctioneer*Lay on Hands*Aldor Peacekeeper*Gurubashi Berserker*Murloc Tidehunter*Priestess of Elune*Blood Knight*Illidan Stormrage*Hungry Crab*Bloodsail Raider*Violet Teacher*Southsea Captain*Flesheating Ghoul
1995,1126,131,638,4357340,7220000,1062326,3529085,3418282,864265,226846,6860,100,4422222,24,5,131,226846,Blessing of Might*Blessing of Kings*Consecration*Consecration*Truesilver Champion*Southsea Deckhand*Young Dragonhawk*Chillwind Yeti*Elven Archer*Wisp*King Mukla*Jungle Panther*Leper Gnome*Ancient Brewmaster*Crazed Alchemist*Acidic Swamp Ooze*Mind Control Tech*Gadgetzan Auctioneer*Lay on Hands*Aldor Peacekeeper*Gurubashi Berserker*Murloc Tidehunter*Alexstrasza*Priestess of Elune*Illidan Stormrage*Hungry Crab*Bloodsail Raider*Violet Teacher*Southsea Captain*Flesheating Ghoul
2297,1446,132,1153,4825630,7140000,1000000,2970588,3240896,1002801,233855,5220,86,3115555,26,4,132,233855,Goldshire Footman*Blessing of Might*Blessing of Might*Blessing of Kings*Consecration*River Crocolisk*Ironfur Grizzly*Ironfur Grizzly*Southsea Deckhand*Young Dragonhawk*Bloodfen Raptor*Chillwind Yeti*Wisp*Jungle Panther*Ancient Brewmaster*Crazed Alchemist*Mind Control Tech*Dire Wolf Alpha*Aldor Peacekeeper*Gurubashi Berserker*Murloc Tidehunter*Murloc Tidecaller*Priestess of Elune*Blood Knight*Illidan Stormrage*Hungry Crab*Violet Teacher*Southsea Captain*Gruul*Flesheating Ghoul
2849,2109,133,969,4508896,7025000,1041992,3805693,3271886,895373,216595,8440,105,4650000,24,5,133,216595,Blessing of Kings*Blessing of Kings*Consecration*Consecration*Truesilver Champion*Southsea Deckhand*Young Dragonhawk*Chillwind Yeti*Elven Archer*Wisp*Worgen Infiltrator*King Mukla*Jungle Panther*Leper Gnome*Ancient Brewmaster*Mind Control Tech*Gadgetzan Auctioneer*Baron Geddon*Lay on Hands*Aldor Peacekeeper*Shieldbearer*Murloc Tidehunter*Alexstrasza*Priestess of Elune*Blood Knight*Illidan Stormrage*Bloodsail Raider*Violet Teacher*Southsea Captain*Flesheating Ghoul
3011,2532,134,1065,4522123,7345000,1040844,3611980,3500340,850918,203750,3960,101,3565555,24,6,134,203750,Blessing of Might*Blessing of Kings*Blessing of Kings*Consecration*Consecration*Ironfur Grizzly*Silverback Patriarch*Southsea Deckhand*Lord of the Arena*Young Dragonhawk*Bloodfen Raptor*Chillwind Yeti*Stormwind Champion*Wisp*Jungle Panther*Leper Gnome*Ancient Brewmaster*Crazed Alchemist*Mind Control Tech*Lay on Hands*Aldor Peacekeeper*Gurubashi Berserker*Priestess of Elune*Blood Knight*Illidan Stormrage*Hungry Crab*Bloodsail Raider*Violet Teacher*Southsea Captain*Flesheating Ghoul
3081,2305,136,1034,3785848,7985000,1040701,3600500,3942391,830306,191401,5260,100,3022222,27,3,136,191401,Consecration*Consecration*Oasis Snapjaw*Ironfur Grizzly*Young Dragonhawk*Stonetusk Boar*Sen'jin Shieldmasta*Chillwind Yeti*Abusive Sergeant*The Black Knight*Acolyte of Pain*Argent Squire*Novice Engineer*Thrallmar Farseer*Dark Iron Dwarf*Argent Commander*Argent Commander*Pint-Sized Summoner*Secretkeeper*Mind Control Tech*Defender of Argus*Loot Hoarder*Emperor Cobra*Tirion Fordring*Avenging Wrath*Knife Juggler*Knife Juggler*Dread Corsair*Southsea Captain*Flesheating Ghoul
3174,2516,144,1475,4665014,7060000,1075779,3177053,3300283,915014,312780,5560,86,2982222,23,6,144,312780,Goldshire Footman*Blessing of Might*Blessing of Kings*Blessing of Kings*Consecration*Consecration*Truesilver Champion*Silverback Patriarch*Southsea Deckhand*Young Dragonhawk*Chillwind Yeti*Elven Archer*Wisp*Worgen Infiltrator*Jungle Panther*Leper Gnome*Ancient Brewmaster*Crazed Alchemist*Mind Control Tech*Lay on Hands*Aldor Peacekeeper*Gurubashi Berserker*Blood Knight*Illidan Stormrage*Hungry Crab*Bloodsail Raider*Violet Teacher*Southsea Captain*Millhouse Manastorm*Flesheating Ghoul
4523,3977,145,1467,4720284,7025000,1035587,3164412,3138790,1022775,325785,7320,89,4032222,23,6,145,325785,Blessing of Might*Blessing of Kings*Blessing of Kings*Consecration*Consecration*Truesilver Champion*Silverback Patriarch*Southsea Deckhand*Young Dragonhawk*Chillwind Yeti*Elven Archer*Wisp*Worgen Infiltrator*Jungle Panther*Leper Gnome*Crazed Alchemist*Mind Control Tech*Coldlight Seer*Lay on Hands*Aldor Peacekeeper*Shieldbearer*Ysera*Blood Knight*Illidan Stormrage*Mana Wraith*Hungry Crab*Violet Teacher*Southsea Captain*Millhouse Manastorm*Flesheating Ghoul
5028,3766,147,1508,4607167,7115000,1027406,3260716,3270555,938861,271142,6760,97,4178888,23,6,147,271142,Goldshire Footman*Blessing of Might*Blessing of Kings*Blessing of Kings*Consecration*Consecration*Truesilver Champion*Silverback Patriarch*Southsea Deckhand*Young Dragonhawk*Chillwind Yeti*Elven Archer*Wisp*Jungle Panther*Leper Gnome*Ancient Brewmaster*Sunfury Protector*Crazed Alchemist*Mind Control Tech*Lay on Hands*Aldor Peacekeeper*Gurubashi Berserker*Alexstrasza*Priestess of Elune*Blood Knight*Illidan Stormrage*Bloodsail Raider*Southsea Captain*Millhouse Manastorm*Flesheating Ghoul
5070,3174,152,1632,4890670,6860000,1040816,3123906,3070699,989795,318543,5560,84,2960000,24,5,152,318543,Goldshire Footman*Blessing of Might*Blessing of Kings*Blessing of Kings*Consecration*Truesilver Champion*Silverback Patriarch*Southsea Deckhand*Young Dragonhawk*Chillwind Yeti*Elven Archer*Wisp*Worgen Infiltrator*Jungle Panther*Leper Gnome*Ancient Brewmaster*Crazed Alchemist*Acidic Swamp Ooze*Mind Control Tech*Lay on Hands*Aldor Peacekeeper*Gurubashi Berserker*Blood Knight*Illidan Stormrage*Hungry Crab*Bloodsail Raider*Violet Teacher*Southsea Captain*Millhouse Manastorm*Flesheating Ghoul
