Individual,Parent,WinCount,TotalHealthDifference,DamageDone,NumTurns,CardsDrawn,HandSize,ManaSpent,ManaWasted,StrategyAlignment,Dust,DeckManaSum,DeckManaVariance,NumMinionCards,NumSpellCards,S0:WinCount,S0:Alignment,Deck
0,-1,46,-2002,2710320,7025000,1098932,4875444,3666903,525266,-94025,8660,118,3062222,25,5,46,-94025,Goldshire Footman*Fen Creeper*Guardian of Kings*Hammer of Wrath*Hammer of Wrath*Earthen Ring Farseer*Stormwind Knight*Southsea Deckhand*Ravenholdt Assassin*Injured Blademaster*Spiteful Smith*Darkscale Healer*Young Priestess*Alarm-o-Bot*Spellbreaker*Mana Addict*Ancient Brewmaster*Leeroy Jenkins*Divine Favor*Avenging Wrath*Avenging Wrath*Tauren Warrior*Nat Pagle*Nightblade*Bloodsail Raider*Doomsayer*Violet Teacher*Millhouse Manastorm*Gruul*Flesheating Ghoul
2,-1,46,-1948,2925017,7135000,1105115,4735108,3625087,566923,-125329,3980,122,4528888,24,5,46,-125329,Guardian of Kings*Consecration*Hammer of Wrath*River Crocolisk*Frostwolf Grunt*Gnomish Inventor*Silver Hand Knight*Archmage*Murloc Raider*Bluegill Warrior*Sen'jin Shieldmasta*Reckless Rocketeer*Spiteful Smith*Stormwind Champion*Wisp*Silvermoon Guardian*Windfury Harpy*Twilight Drake*Twilight Drake*Pint-Sized Summoner*Cairne Bloodhoof*Humility*Holy Wrath*Sword of Justice*Avenging Wrath*Amani Berserker*Mogu'shan Warden*Sea Giant*Doomsayer*Violet Teacher
4,-1,57,-1629,3310218,6850000,1059854,4380291,3473722,556934,-66823,12360,127,7112222,29,1,57,-66823,Magma Rager*Frostwolf Grunt*Ironforge Rifleman*Ogre Magi*Ironbeak Owl*Stormwind Champion*Frostwolf Warlord*The Black Knight*Acolyte of Pain*Bloodmage Thalnos*Scarlet Crusader*Leper Gnome*Leper Gnome*Twilight Drake*Questing Adventurer*Ancient Brewmaster*Argent Commander*Lorewalker Cho*Mountain Giant*Holy Wrath*Tirion Fordring*Murloc Warleader*Nat Pagle*Nozdormu*Priestess of Elune*Sea Giant*Blood Knight*Bloodsail Raider*Bloodsail Raider*Southsea Captain
5,-1,73,-937,3629708,7035000,1000710,3609097,3528784,657427,-42670,4820,96,3426666,28,2,73,-42670,Oasis Snapjaw*Raid Leader*Raid Leader*Silverback Patriarch*Kobold Geomancer*Southsea Deckhand*Ravenholdt Assassin*Chillwind Yeti*War Golem*Abusive Sergeant*Stormwind Champion*Angry Chicken*Jungle Panther*Questing Adventurer*Sunfury Protector*Defender of Argus*Abomination*Demolisher*Eye for an Eye*Dire Wolf Alpha*Dire Wolf Alpha*Frost Elemental*Repentance*Gurubashi Berserker*Nat Pagle*Nightblade*Hungry Crab*Knife Juggler*Violet Teacher*Millhouse Manastorm
13,-1,83,-631,4221976,6780000,1002212,3697640,3359882,655604,32561,4860,104,5448888,27,2,83,32561,Light's Justice*Frostwolf Grunt*Frostwolf Grunt*Raid Leader*Murloc Raider*Chillwind Yeti*Boulderfist Ogre*Reckless Rocketeer*Spiteful Smith*Frostwolf Warlord*Argent Squire*Questing Adventurer*Questing Adventurer*Crazed Alchemist*Argent Commander*Secretkeeper*Arcane Golem*Demolisher*Mountain Giant*Noble Sacrifice*Dire Wolf Alpha*Emperor Cobra*Repentance*Harvest Golem*Priestess of Elune*Cult Master*Illidan Stormrage*Faerie Dragon*Millhouse Manastorm*Stampeding Kodo
18,-1,90,-358,3991003,7225000,1000000,3869896,3479584,775086,101272,4920,103,2912222,24,3,90,101272,Blessing of Might*Consecration*Truesilver Champion*Truesilver Champion*River Crocolisk*Silverback Patriarch*Southsea Deckhand*Ravenholdt Assassin*Young Dragonhawk*Injured Blademaster*Venture Co. Mercenary*Darkscale Healer*Shattered Sun Cleric*Shattered Sun Cleric*Scarlet Crusader*Stranglethorn Tiger*Windfury Harpy*Crazed Alchemist*Argent Commander*Secretkeeper*Secretkeeper*Demolisher*Blessed Champion*Sword of Justice*Aldor Peacekeeper*Tauren Warrior*Murloc Tidecaller*Illidan Stormrage*Dread Corsair*Captain Greenskin
40,-1,109,293,4340974,6980000,1044412,3315186,3359598,770773,200891,3960,95,3938888,25,4,109,200891,Goldshire Footman*Blessing of Might*Blessing of Kings*Consecration*Truesilver Champion*Ironfur Grizzly*Southsea Deckhand*Young Dragonhawk*Chillwind Yeti*Elven Archer*Boulderfist Ogre*Stormwind Champion*Wisp*Jungle Panther*Leper Gnome*Mana Addict*Ancient Brewmaster*Crazed Alchemist*Lay on Hands*Aldor Peacekeeper*Gurubashi Berserker*Murloc Tidehunter*Priestess of Elune*Blood Knight*Illidan Stormrage*Hungry Crab*Bloodsail Raider*Violet Teacher*Southsea Captain*Flesheating Ghoul
543,40,117,631,4545779,6990000,1055793,3121602,3301144,836194,259561,5420,91,3965555,25,4,117,259561,Goldshire Footman*Blessing of Might*Blessing of Kings*Consecration*Truesilver Champion*Ironfur Grizzly*Southsea Deckhand*Young Dragonhawk*Chillwind Yeti*Elven Archer*Boulderfist Ogre*Stormwind Champion*Wisp*Jungle Panther*Leper Gnome*Mana Addict*Crazed Alchemist*Acidic Swamp Ooze*Lay on Hands*Aldor Peacekeeper*Gurubashi Berserker*Murloc Tidehunter*Priestess of Elune*Blood Knight*Illidan Stormrage*Hungry Crab*Bloodsail Raider*Southsea Captain*Millhouse Manastorm*Flesheating Ghoul
548,40,119,693,4616147,7060000,1038243,3492917,3332152,827195,219033,4020,97,3778888,25,4,119,219033,Goldshire Footman*Blessing of Might*Blessing of Kings*Consecration*Truesilver Champion*Ironfur Grizzly*Southsea Deckhand*Young Dragonhawk*Chillwind Yeti*Elven Archer*Boulderfist Ogre*Stormwind Champion*Wisp*Jungle Panther*Mana Addict*Ancient Brewmaster*Crazed Alchemist*Emperor Cobra*Lay on Hands*Aldor Peacekeeper*Gurubashi Berserker*Murloc Tidehunter*Priestess of Elune*Blood Knight*Illidan Stormrage*Hungry Crab*Bloodsail Raider*Violet Teacher*Southsea Captain*Flesheating Ghoul
571,40,120,742,4613439,6920000,1051300,3250722,3248554,862716,253001,5760,91,3432222,25,4,120,253001,Goldshire Footman*Blessing of Might*Blessing of Kings*Consecration*Truesilver Champion*Southsea Deckhand*Young Dragonhawk*Chillwind Yeti*Elven Archer*Wisp*King Mukla*Jungle Panther*Leper Gnome*Mana Addict*Ancient Brewmaster*Crazed Alchemist*Mind Control Tech*Gadgetzan Auctioneer*Lay on Hands*Aldor Peacekeeper*Gurubashi Berserker*Murloc Tidehunter*Priestess of Elune*Blood Knight*Illidan Stormrage*Hungry Crab*Bloodsail Raider*Violet Teacher*Southsea Captain*Flesheating Ghoul
898,40,124,822,4484890,7280000,1041208,3275412,3438873,864697,220407,3960,93,3623333,25,4,124,220407,Goldshire Footman*Blessing of Might*Blessing of Kings*Consecration*Truesilver Champion*Ironfur Grizzly*Ironfur Grizzly*Southsea Deckhand*Young Dragonhawk*Chillwind Yeti*Elven Archer*Stormwind Champion*Wisp*Jungle Panther*Leper Gnome*Ancient Brewmaster*Crazed Alchemist*Mind Control Tech*Lay on Hands*Aldor Peacekeeper*Gurubashi Berserker*Murloc Tidehunter*Priestess of Elune*Blood Knight*Illidan Stormrage*Hungry Crab*Bloodsail Raider*Violet Teacher*Southsea Captain*Flesheating Ghoul
1360,898,123,850,4332869,7180000,1050139,3284122,3410167,824512,272524,3960,94,3648888,24,5,123,272524,Goldshire Footman*Blessing of Might*Blessing of Kings*Consecration*Consecration*Truesilver Champion*Ironfur Grizzly*Southsea Deckhand*Young Dragonhawk*Chillwind Yeti*Elven Archer*Stormwind Champion*Wisp*Jungle Panther*Leper Gnome*Ancient Brewmaster*Crazed Alchemist*Mind Control Tech*Lay on Hands*Aldor Peacekeeper*Gurubashi Berserker*Murloc Tidehunter*Priestess of Elune*Blood Knight*Illidan Stormrage*Hungry Crab*Bloodsail Raider*Violet Teacher*Southsea Captain*Flesheating Ghoul
1398,571,129,991,4617583,6995000,1065761,3421015,3342387,800571,262096,5760,94,3115555,25,4,129,262096,Goldshire Footman*Blessing of Might*Blessing of Kings*Consecration*Truesilver Champion*Southsea Deckhand*Young Dragonhawk*Chillwind Yeti*Elven Archer*King Mukla*Jungle Panther*Jungle Panther*Leper Gnome*Mana Addict*Ancient Brewmaster*Crazed Alchemist*Mind Control Tech*Gadgetzan Auctioneer*Lay on Hands*Aldor Peacekeeper*Gurubashi Berserker*Murloc Tidehunter*Priestess of Elune*Blood Knight*Illidan Stormrage*Hungry Crab*Bloodsail Raider*Violet Teacher*Southsea Captain*Flesheating Ghoul
1991,1398,129,1017,4711777,6835000,1043160,3186539,3274323,777615,287303,5800,89,3098888,25,4,129,287303,Goldshire Footman*Goldshire Footman*Blessing of Might*Blessing of Kings*Consecration*Truesilver Champion*Southsea Deckhand*Young Dragonhawk*Elven Archer*King Mukla*Jungle Panther*Jungle Panther*Thrallmar Farseer*Leper Gnome*Mana Addict*Ancient Brewmaster*Crazed Alchemist*Mind Control Tech*Gadgetzan Auctioneer*Lay on Hands*Aldor Peacekeeper*Murloc Tidehunter*Priestess of Elune*Blood Knight*Illidan Stormrage*Hungry Crab*Bloodsail Raider*Violet Teacher*Southsea Captain*Flesheating Ghoul
2297,1446,132,1153,4825630,7140000,1000000,2970588,3240896,1002801,233855,5220,86,3115555,26,4,132,233855,Goldshire Footman*Blessing of Might*Blessing of Might*Blessing of Kings*Consecration*River Crocolisk*Ironfur Grizzly*Ironfur Grizzly*Southsea Deckhand*Young Dragonhawk*Bloodfen Raptor*Chillwind Yeti*Wisp*Jungle Panther*Ancient Brewmaster*Crazed Alchemist*Mind Control Tech*Dire Wolf Alpha*Aldor Peacekeeper*Gurubashi Berserker*Murloc Tidehunter*Murloc Tidecaller*Priestess of Elune*Blood Knight*Illidan Stormrage*Hungry Crab*Violet Teacher*Southsea Captain*Gruul*Flesheating Ghoul
2516,1917,129,1170,4662667,7085000,1040225,3383203,3340860,829922,267862,5560,91,3165555,23,6,129,267862,Goldshire Footman*Blessing of Might*Blessing of Kings*Blessing of Kings*Consecration*Consecration*Truesilver Champion*Silverback Patriarch*Southsea Deckhand*Young Dragonhawk*Chillwind Yeti*Elven Archer*Wisp*Jungle Panther*Leper Gnome*Ancient Brewmaster*Crazed Alchemist*Mind Control Tech*Lay on Hands*Aldor Peacekeeper*Gurubashi Berserker*Priestess of Elune*Blood Knight*Illidan Stormrage*Hungry Crab*Bloodsail Raider*Violet Teacher*Southsea Captain*Millhouse Manastorm*Flesheating Ghoul
3174,2516,144,1475,4665014,7060000,1075779,3177053,3300283,915014,312780,5560,86,2982222,23,6,144,312780,Goldshire Footman*Blessing of Might*Blessing of Kings*Blessing of Kings*Consecration*Consecration*Truesilver Champion*Silverback Patriarch*Southsea Deckhand*Young Dragonhawk*Chillwind Yeti*Elven Archer*Wisp*Worgen Infiltrator*Jungle Panther*Leper Gnome*Ancient Brewmaster*Crazed Alchemist*Mind Control Tech*Lay on Hands*Aldor Peacekeeper*Gurubashi Berserker*Blood Knight*Illidan Stormrage*Hungry Crab*Bloodsail Raider*Violet Teacher*Southsea Captain*Millhouse Manastorm*Flesheating Ghoul
3766,2516,144,1529,4581108,7305000,1055441,3225872,3355236,960985,312840,5560,89,3165555,23,6,144,312840,Goldshire Footman*Blessing of Might*Blessing of Kings*Blessing of Kings*Consecration*Consecration*Truesilver Champion*Silverback Patriarch*Southsea Deckhand*Young Dragonhawk*Chillwind Yeti*Elven Archer*Wisp*Jungle Panther*Leper Gnome*Ancient Brewmaster*Sunfury Protector*Crazed Alchemist*Mind Control Tech*Lay on Hands*Aldor Peacekeeper*Gurubashi Berserker*Priestess of Elune*Blood Knight*Illidan Stormrage*Hungry Crab*Bloodsail Raider*Southsea Captain*Millhouse Manastorm*Flesheating Ghoul
4624,3476,145,1659,4416720,7715000,1063512,3502916,3567725,947504,268600,4200,98,3262222,24,5,145,268600,Blessing of Might*Blessing of Kings*Consecration*Consecration*Truesilver Champion*Ironfur Grizzly*Silverback Patriarch*Southsea Deckhand*Young Dragonhawk*Chillwind Yeti*Stormwind Champion*Wisp*Jungle Panther*Leper Gnome*Ancient Brewmaster*Crazed Alchemist*Mind Control Tech*Defender of Argus*Lay on Hands*Aldor Peacekeeper*Priestess of Elune*Blood Knight*Illidan Stormrage*Hungry Crab*Bloodsail Raider*Wild Pyromancer*Dread Corsair*Violet Teacher*Southsea Captain*Flesheating Ghoul
6560,5922,152,1669,4836244,6870000,1000000,2994177,3105531,978165,280726,5300,79,1765555,24,5,152,280726,Blessing of Might*Blessing of Kings*Blessing of Kings*Consecration*Consecration*Truesilver Champion*Raid Leader*Silverback Patriarch*Southsea Deckhand*Young Dragonhawk*Chillwind Yeti*Elven Archer*Wisp*Young Priestess*Argent Squire*Jungle Panther*Thrallmar Farseer*Leper Gnome*Ancient Brewmaster*Crazed Alchemist*Mind Control Tech*Aldor Peacekeeper*Blood Knight*Illidan Stormrage*Hungry Crab*Bloodsail Raider*Wild Pyromancer*Southsea Captain*Millhouse Manastorm*Flesheating Ghoul
7352,5337,152,1954,4627298,7070000,1048797,2970297,3256011,963932,345994,5460,86,3315555,23,6,152,345994,Goldshire Footman*Blessing of Might*Blessing of Kings*Blessing of Kings*Consecration*Consecration*Truesilver Champion*Silverback Patriarch*Southsea Deckhand*Lord of the Arena*Young Dragonhawk*Chillwind Yeti*Booty Bay Bodyguard*Elven Archer*Wisp*Argent Squire*Worgen Infiltrator*Jungle Panther*Leper Gnome*Mind Control Tech*Coldlight Seer*Lay on Hands*Aldor Peacekeeper*Blood Knight*Illidan Stormrage*Hungry Crab*Bloodsail Raider*Southsea Captain*Millhouse Manastorm*Flesheating Ghoul
