Individual,Parent,WinCount,TotalHealthDifference,DamageDone,NumTurns,CardsDrawn,HandSize,ManaSpent,ManaWasted,StrategyAlignment,Dust,DeckManaSum,DeckManaVariance,NumMinionCards,NumSpellCards,S0:WinCount,S0:Alignment,Deck
0,-1,65,-1481,3242930,7780000,1003213,3590616,3903598,663239,23802,5140,108,4973333,26,3,65,23802,Magma Rager*Raid Leader*Ironforge Rifleman*Kobold Geomancer*Ravenholdt Assassin*Young Dragonhawk*Chillwind Yeti*Core Hound*Ironbeak Owl*Reckless Rocketeer*Houndmaster*Arcane Shot*Young Priestess*Angry Chicken*Voodoo Doctor*Shattered Sun Cleric*Stranglethorn Tiger*Crazed Alchemist*Defender of Argus*Gadgetzan Auctioneer*Abomination*Raging Worgen*Scavenging Hyena*Misdirection*Eaglehorn Bow*Snake Trap*Nozdormu*Priestess of Elune*Hungry Crab*Gruul
4,-1,70,-1353,4044766,7930000,1004413,3703656,3921185,702395,24181,5040,117,5890000,25,5,70,24181,River Crocolisk*Archmage*Stonetusk Boar*Bloodfen Raptor*War Golem*Booty Bay Bodyguard*Core Hound*Core Hound*Reckless Rocketeer*Starving Buzzard*Arcane Shot*Arcane Shot*Scarlet Crusader*Scarlet Crusader*Silvermoon Guardian*Stranglethorn Tiger*Twilight Drake*Twilight Drake*Acidic Swamp Ooze*Grimscale Oracle*Snake Trap*Malygos*Sea Giant*Imp Master*Deadly Shot*Doomsayer*Faerie Dragon*Bloodsail Corsair*Animal Companion*Hogger
8,-1,84,-796,3628352,7830000,999361,3621328,3795657,780970,30963,9460,104,4715555,24,6,84,30963,Wolfrider*Ravenholdt Assassin*Murloc Raider*Sen'jin Shieldmasta*Chillwind Yeti*Boulderfist Ogre*Frostwolf Warlord*Wisp*Young Priestess*Alarm-o-Bot*Worgen Infiltrator*Windfury Harpy*Acidic Swamp Ooze*Tinkmaster Overspark*Defender of Argus*Cairne Bloodhoof*Dire Wolf Alpha*Baron Geddon*Amani Berserker*Grimscale Oracle*Explosive Shot*Unleash the Hounds*Snake Trap*Ysera*Explosive Trap*Explosive Trap*Deadly Shot*Knife Juggler*Master Swordsmith*Hogger
24,-1,91,-754,3784971,8650000,1065895,3718497,4207514,756647,30566,5340,111,4343333,24,6,91,30566,Magma Rager*Gnomish Inventor*Stormpike Commando*Stormwind Champion*Novice Engineer*Silvermoon Guardian*Mana Addict*Sunfury Protector*Crazed Alchemist*Acidic Swamp Ooze*Abomination*Demolisher*Coldlight Seer*Emperor Cobra*Amani Berserker*Gurubashi Berserker*Misdirection*Onyxia*Priestess of Elune*Sea Giant*Snipe*Illidan Stormrage*Deadly Shot*Deadly Shot*Knife Juggler*Wild Pyromancer*Doomsayer*Violet Teacher*Animal Companion*Animal Companion
47,-1,94,-252,3886549,8550000,1028070,3606432,4208771,723391,31138,3560,102,3039999,24,5,94,31138,Fen Creeper*Fen Creeper*Oasis Snapjaw*River Crocolisk*Silver Hand Knight*Ravenholdt Assassin*Young Dragonhawk*Stonetusk Boar*Bloodfen Raptor*Chillwind Yeti*Chillwind Yeti*Ogre Magi*Houndmaster*Arcane Shot*Gladiator's Longbow*Novice Engineer*Jungle Panther*Jungle Panther*Mind Control Tech*Raging Worgen*Murloc Tidecaller*Kill Command*Kill Command*Bestial Wrath*Priestess of Elune*Nightblade*Imp Master*Explosive Trap*Doomsayer*Hogger
60,-1,104,-181,4450413,8470000,1037190,3371900,4174144,712514,37157,6260,99,3010000,28,2,104,37157,River Crocolisk*Ironfur Grizzly*Gnomish Inventor*Bloodfen Raptor*Bluegill Warrior*Sen'jin Shieldmasta*Spiteful Smith*Stormwind Champion*Darkscale Healer*Timber Wolf*Tundra Rhino*Lightwarden*The Black Knight*Young Priestess*Young Priestess*Voodoo Doctor*Questing Adventurer*Ancient Watcher*Spellbreaker*Argent Commander*Mind Control Tech*Cairne Bloodhoof*Emperor Cobra*Raging Worgen*Misdirection*Kill Command*Harvest Golem*Dalaran Mage*Doomsayer*Hogger
92,-1,101,29,4155920,8530000,1036928,3156506,3968347,938452,38323,6980,91,3565555,24,6,101,38323,Hunter's Mark*Kobold Geomancer*Sen'jin Shieldmasta*Booty Bay Bodyguard*Lightwarden*Worgen Infiltrator*Voodoo Doctor*King Mukla*Jungle Panther*Scarlet Crusader*Thrallmar Farseer*Leper Gnome*Dark Iron Dwarf*Spellbreaker*Amani Berserker*Grimscale Oracle*Explosive Shot*Flare*Snake Trap*Sea Giant*Nightblade*Cult Master*Imp Master*Explosive Trap*Illidan Stormrage*Deadly Shot*Bloodsail Raider*Doomsayer*Violet Teacher*Millhouse Manastorm
546,24,109,126,4177142,8750000,1066285,3452571,4164000,869142,35688,5280,106,4448888,24,6,109,35688,Magma Rager*Gnomish Inventor*Stormpike Commando*Young Dragonhawk*Sen'jin Shieldmasta*Stormwind Champion*Novice Engineer*Silvermoon Guardian*Mana Addict*Sunfury Protector*Crazed Alchemist*Acidic Swamp Ooze*Demolisher*Coldlight Seer*Emperor Cobra*Amani Berserker*Misdirection*Onyxia*Priestess of Elune*Sea Giant*Snipe*Illidan Stormrage*Deadly Shot*Deadly Shot*Knife Juggler*Wild Pyromancer*Doomsayer*Violet Teacher*Animal Companion*Animal Companion
590,92,112,346,4269982,8445000,1042628,3063943,3995855,879218,43203,6940,91,3565555,24,6,112,43203,Goldshire Footman*Hunter's Mark*Kobold Geomancer*Sen'jin Shieldmasta*Booty Bay Bodyguard*Lightwarden*Worgen Infiltrator*Voodoo Doctor*King Mukla*Jungle Panther*Scarlet Crusader*Thrallmar Farseer*Dark Iron Dwarf*Spellbreaker*Amani Berserker*Grimscale Oracle*Explosive Shot*Flare*Snake Trap*Sea Giant*Nightblade*Cult Master*Imp Master*Explosive Trap*Illidan Stormrage*Deadly Shot*Bloodsail Raider*Doomsayer*Violet Teacher*Millhouse Manastorm
592,92,110,465,4163363,8325000,1046846,2900300,3867267,962762,42275,6980,85,3672222,23,7,110,42275,Hunter's Mark*Kobold Geomancer*Young Dragonhawk*Sen'jin Shieldmasta*Arcane Shot*Lightwarden*Worgen Infiltrator*Voodoo Doctor*King Mukla*Jungle Panther*Scarlet Crusader*Leper Gnome*Dark Iron Dwarf*Spellbreaker*Amani Berserker*Grimscale Oracle*Explosive Shot*Flare*Snake Trap*Sea Giant*Nightblade*Cult Master*Imp Master*Explosive Trap*Illidan Stormrage*Deadly Shot*Bloodsail Raider*Doomsayer*Violet Teacher*Millhouse Manastorm
772,92,109,507,4127088,8380000,1038782,3002386,3949284,896778,42243,6580,84,1893333,24,6,109,42243,Hunter's Mark*Ironforge Rifleman*Kobold Geomancer*Sen'jin Shieldmasta*Booty Bay Bodyguard*Lightwarden*Worgen Infiltrator*Voodoo Doctor*King Mukla*Jungle Panther*Scarlet Crusader*Thrallmar Farseer*Leper Gnome*Dark Iron Dwarf*Spellbreaker*Amani Berserker*Grimscale Oracle*Explosive Shot*Flare*Snake Trap*Nightblade*Cult Master*Imp Master*Explosive Trap*Illidan Stormrage*Deadly Shot*Bloodsail Raider*Doomsayer*Violet Teacher*Millhouse Manastorm
860,92,108,690,4129752,8285000,1021726,2701267,3834640,975256,48277,5280,78,1706666,25,5,108,48277,Hunter's Mark*Kobold Geomancer*Stonetusk Boar*Sen'jin Shieldmasta*Booty Bay Bodyguard*Lightwarden*Argent Squire*Worgen Infiltrator*Voodoo Doctor*King Mukla*Jungle Panther*Scarlet Crusader*Thrallmar Farseer*Leper Gnome*Dark Iron Dwarf*Spellbreaker*Amani Berserker*Murloc Tidehunter*Murloc Warleader*Grimscale Oracle*Explosive Shot*Snake Trap*Nightblade*Cult Master*Imp Master*Explosive Trap*Deadly Shot*Doomsayer*Violet Teacher*Millhouse Manastorm
1206,657,121,712,4939375,8000000,1000000,2818750,3759375,905625,42692,6680,96,4826666,29,1,121,42692,River Crocolisk*Ironfur Grizzly*Southsea Deckhand*Murloc Raider*Stonetusk Boar*Chillwind Yeti*Elven Archer*Razorfen Hunter*Ironbeak Owl*Timber Wolf*Tundra Rhino*Big Game Hunter*Alarm-o-Bot*Jungle Panther*Dark Iron Dwarf*Pint-Sized Summoner*Pint-Sized Summoner*Mind Control Tech*Mind Control Tech*Mountain Giant*Raging Worgen*Priestess of Elune*Illidan Stormrage*Bloodsail Raider*Knife Juggler*Knife Juggler*Wild Pyromancer*Millhouse Manastorm*Animal Companion*Hogger
1344,860,120,995,4172106,8425000,1026706,2900890,3789910,1086053,49076,5380,79,1632222,24,6,120,49076,Hunter's Mark*Kobold Geomancer*Sen'jin Shieldmasta*Booty Bay Bodyguard*Multi-Shot*Lightwarden*Young Priestess*Argent Squire*Worgen Infiltrator*Voodoo Doctor*King Mukla*Jungle Panther*Scarlet Crusader*Thrallmar Farseer*Leper Gnome*Dark Iron Dwarf*Dire Wolf Alpha*Amani Berserker*Murloc Tidehunter*Murloc Warleader*Explosive Shot*Snake Trap*Nightblade*Cult Master*Imp Master*Explosive Trap*Deadly Shot*Doomsayer*Violet Teacher*Millhouse Manastorm
1817,1196,129,1129,5312082,8235000,1055859,3273831,4009107,766241,39695,6640,96,3693333,27,3,129,39695,Fen Creeper*Hunter's Mark*Earthen Ring Farseer*Chillwind Yeti*Elven Archer*Stormwind Champion*Young Priestess*Big Game Hunter*Worgen Infiltrator*Voodoo Doctor*King Mukla*Novice Engineer*Sunwalker*Dark Iron Dwarf*Ancient Brewmaster*Acidic Swamp Ooze*Dire Wolf Alpha*Frost Elemental*Amani Berserker*Onyxia*Cult Master*Mana Wraith*Deadly Shot*Wild Pyromancer*Faerie Dragon*Violet Teacher*Southsea Captain*Millhouse Manastorm*Animal Companion*Master Swordsmith
1905,1473,127,1270,4544396,8165000,997550,2639926,3808328,926515,46014,4420,94,5248888,28,2,127,46014,Fen Creeper*Fen Creeper*River Crocolisk*Wolfrider*Ironfur Grizzly*Stormwind Knight*Murloc Raider*Stonetusk Boar*Elven Archer*Elven Archer*Razorfen Hunter*Ironbeak Owl*Timber Wolf*Tundra Rhino*Arcane Shot*The Black Knight*Worgen Infiltrator*Voodoo Doctor*Jungle Panther*Pint-Sized Summoner*Mind Control Tech*Mind Control Tech*Mountain Giant*Amani Berserker*Raging Worgen*Priestess of Elune*Illidan Stormrage*Knife Juggler*Wild Pyromancer*Animal Companion
1978,1196,145,1933,4851002,8725000,1049283,3113467,4132378,855587,46441,4920,91,2365555,26,4,145,46441,Fen Creeper*Hunter's Mark*Earthen Ring Farseer*Ironfur Grizzly*Sen'jin Shieldmasta*Chillwind Yeti*Elven Archer*Stormwind Champion*Houndmaster*Young Priestess*Big Game Hunter*Voodoo Doctor*Voodoo Doctor*King Mukla*Novice Engineer*Sunwalker*Dark Iron Dwarf*Ancient Brewmaster*Acidic Swamp Ooze*Amani Berserker*Explosive Shot*Cult Master*Mana Wraith*Deadly Shot*Wild Pyromancer*Faerie Dragon*Southsea Captain*Millhouse Manastorm*Animal Companion*Master Swordsmith
3913,1978,152,2056,5087912,8645000,1062463,3156737,4142857,825332,47094,5160,93,2156666,27,3,152,47094,Fen Creeper*Earthen Ring Farseer*Ironfur Grizzly*Sen'jin Shieldmasta*Chillwind Yeti*Stormwind Champion*Houndmaster*Young Priestess*Young Priestess*Big Game Hunter*Voodoo Doctor*King Mukla*Novice Engineer*Sunwalker*Dark Iron Dwarf*Ancient Brewmaster*Acidic Swamp Ooze*Dire Wolf Alpha*Amani Berserker*Explosive Shot*Cult Master*Mana Wraith*Deadly Shot*Wild Pyromancer*Faerie Dragon*Southsea Captain*Millhouse Manastorm*Animal Companion*Master Swordsmith*Master Swordsmith
5296,4218,149,2155,5104727,8355000,998803,2777977,3946140,882704,51938,6160,91,2365555,25,5,149,51938,Fen Creeper*Earthen Ring Farseer*Sen'jin Shieldmasta*Chillwind Yeti*Stormwind Champion*Multi-Shot*The Black Knight*Young Priestess*Worgen Infiltrator*Voodoo Doctor*King Mukla*Thrallmar Farseer*Questing Adventurer*Sunfury Protector*Crazed Alchemist*Acidic Swamp Ooze*Secretkeeper*Amani Berserker*Priestess of Elune*Deadly Shot*Deadly Shot*Knife Juggler*Wild Pyromancer*Faerie Dragon*Violet Teacher*Millhouse Manastorm*Animal Companion*Animal Companion*Master Swordsmith*Stampeding Kodo
6921,6405,153,2537,5212063,7875000,999365,2686349,3681269,926984,55064,7660,89,3898888,25,5,153,55064,Bluegill Warrior*Sen'jin Shieldmasta*Stormwind Champion*Houndmaster*Houndmaster*Multi-Shot*Arcane Shot*The Black Knight*Young Priestess*Young Priestess*Worgen Infiltrator*Voodoo Doctor*King Mukla*Questing Adventurer*Sunfury Protector*Crazed Alchemist*Acidic Swamp Ooze*Secretkeeper*Amani Berserker*Deadly Shot*Knife Juggler*Wild Pyromancer*Faerie Dragon*Violet Teacher*Millhouse Manastorm*Deathwing*Animal Companion*Animal Companion*Master Swordsmith*Stampeding Kodo
