('Alexstrasza', 'Amani Berserker', 'Bloodfen Raptor', 'Bloodsail Raider', 'Defender of Argus', 'Dire Wolf Alpha', 'Flesheating Ghoul', "Sen'jin Shieldmasta", 'Sunwalker');0.4376731301939058
('Alexstrasza', 'Amani Berserker', 'Bloodfen Raptor', 'Bloodsail Raider', 'Defender of Argus', 'Flesheating Ghoul', 'Mountain Giant', "Sen'jin Shieldmasta", 'Sunwalker');0.4626038781163435
('Alexstrasza', 'Amani Berserker', 'Bloodfen Raptor', 'Bloodsail Raider', 'Defender of Argus', 'Flesheating Ghoul', 'Scarlet Crusader', "Sen'jin Shieldmasta", 'Sunwalker');0.43213296398891965
('Alexstrasza', 'Amani Berserker', 'Bloodfen Raptor', 'Bloodsail Raider', 'Dire Wolf Alpha', 'Flesheating Ghoul', 'Mountain Giant', "Sen'jin Shieldmasta", 'Sunwalker');0.44598337950138506
('Alexstrasza', 'Amani Berserker', 'Bloodfen Raptor', 'Bloodsail Raider', 'Dire Wolf Alpha', 'Flesheating Ghoul', 'Scarlet Crusader', "Sen'jin Shieldmasta", 'Sunwalker');0.4182825484764543
('Alexstrasza', 'Amani Berserker', 'Bloodfen Raptor', 'Bloodsail Raider', 'Flesheating Ghoul', 'Mountain Giant', 'Scarlet Crusader', "Sen'jin Shieldmasta", 'Sunwalker');0.43213296398891965
('Alexstrasza', 'Amani Berserker', 'Bloodfen Raptor', 'Bloodsail Raider', 'Flesheating Ghoul', 'Mountain Giant', "Sen'jin Shieldmasta", 'Sunwalker', 'Voodoo Doctor');0.44598337950138506
('Alexstrasza', 'Amani Berserker', 'Bloodsail Raider', 'Defender of Argus', 'Flesheating Ghoul', 'Mountain Giant', 'Scarlet Crusader', "Sen'jin Shieldmasta", 'Sunwalker');0.4376731301939058
('Alexstrasza', 'Amani Berserker', 'Bloodsail Raider', 'Defender of Argus', 'Dire Wolf Alpha', 'Flesheating Ghoul', 'Mountain Giant', "Sen'jin Shieldmasta", 'Sunwalker');0.43490304709141275
('Alexstrasza', 'Amani Berserker', 'Bloodsail Raider', 'Defender of Argus', 'Flesheating Ghoul', 'Mountain Giant', "Sen'jin Shieldmasta", 'Sunwalker', 'Voodoo Doctor');0.4487534626038781
('Alexstrasza', 'Amani Berserker', 'Bloodsail Raider', 'Defender of Argus', 'Dire Wolf Alpha', 'Flesheating Ghoul', 'Scarlet Crusader', "Sen'jin Shieldmasta", 'Sunwalker');0.41274238227146814
('Alexstrasza', 'Amani Berserker', 'Bloodsail Raider', 'Dire Wolf Alpha', 'Flesheating Ghoul', 'Mountain Giant', 'Scarlet Crusader', "Sen'jin Shieldmasta", 'Sunwalker');0.44598337950138506
('Alexstrasza', 'Amani Berserker', 'Bloodsail Raider', 'Dire Wolf Alpha', 'Flesheating Ghoul', 'Mountain Giant', "Sen'jin Shieldmasta", 'Sunwalker', 'Voodoo Doctor');0.4487534626038781
('Alexstrasza', 'Amani Berserker', 'Bloodsail Raider', 'Flesheating Ghoul', 'Mountain Giant', 'Scarlet Crusader', "Sen'jin Shieldmasta", 'Sunwalker', 'Voodoo Doctor');0.4404432132963989
('Amani Berserker', 'Bloodfen Raptor', 'Bloodsail Raider', 'Defender of Argus', 'Dire Wolf Alpha', 'Flesheating Ghoul', 'Mountain Giant', "Sen'jin Shieldmasta", 'Sunwalker');0.4404432132963989
('Amani Berserker', 'Bloodfen Raptor', 'Bloodsail Raider', 'Defender of Argus', 'Flesheating Ghoul', 'Mountain Giant', "Sen'jin Shieldmasta", 'Sunwalker', 'Voodoo Doctor');0.44321329639889195
('Amani Berserker', 'Bloodfen Raptor', 'Bloodsail Raider', 'Dire Wolf Alpha', 'Flesheating Ghoul', 'Mountain Giant', "Sen'jin Shieldmasta", 'Sunwalker', 'Voodoo Doctor');0.4404432132963989
('Amani Berserker', 'Bloodsail Raider', 'Defender of Argus', 'Dire Wolf Alpha', 'Flesheating Ghoul', 'Mountain Giant', "Sen'jin Shieldmasta", 'Sunwalker', 'Voodoo Doctor');0.4265927977839335
