('Animal Companion', 'Bluegill Warrior', 'Earthen Ring Farseer', 'Leeroy Jenkins', 'Lightwarden', 'Reckless Rocketeer', 'The Black Knight');0.43
('Animal Companion', 'Bluegill Warrior', 'Earthen Ring Farseer', 'Leeroy Jenkins', 'Lightwarden', 'Stormpike Commando', 'The Black Knight');0.4
('Animal Companion', 'Bluegill Warrior', 'Earthen Ring Farseer', 'Leeroy Jenkins', 'Lightwarden', 'The Black Knight', 'Ysera');0.41
('Animal Companion', 'Bluegill Warrior', 'Earthen Ring Farseer', 'Leeroy Jenkins', 'Reckless Rocketeer', 'Stormpike Commando', 'The Black Knight');0.4175
('Animal Companion', 'Bluegill Warrior', 'Earthen Ring Farseer', 'Leeroy Jenkins', 'Reckless Rocketeer', 'The Black Knight', 'Ysera');0.425
('Animal Companion', 'Bluegill Warrior', 'Earthen Ring Farseer', 'Leeroy Jenkins', 'Stormpike Commando', 'The Black Knight', 'Ysera');0.45
('Animal Companion', 'Bluegill Warrior', 'Earthen Ring Farseer', 'Lightwarden', 'Reckless Rocketeer', 'The Black Knight', 'Ysera');0.435
('Animal Companion', 'Bluegill Warrior', 'Earthen Ring Farseer', 'Reckless Rocketeer', 'Stormpike Commando', 'The Black Knight', 'Ysera');0.4225
