('Bloodsail Raider', 'Doomsayer', 'Explosive Shot', 'Hogger', 'Sunwalker');0.4487534626038781
('Bloodsail Raider', 'Explosive Shot', 'Hogger', 'King Mukla', 'Sunwalker');0.481994459833795
('Bloodsail Raider', 'Explosive Shot', 'Hogger', 'Mana Wraith', 'Sunwalker');0.4515235457063712
('Bloodsail Raider', 'Explosive Shot', 'Hogger', 'Stormwind Champion', 'Sunwalker');0.45706371191135736
('Bloodsail Raider', 'Explosive Shot', 'Hogger', 'Sunwalker', 'The Black Knight');0.45429362880886426
('Doomsayer', 'Explosive Shot', 'Hogger', 'King Mukla', 'Sunwalker');0.48753462603878117
('Doomsayer', 'Explosive Shot', 'Hogger', 'King Mukla', 'Mana Wraith');0.4515235457063712
('Doomsayer', 'Explosive Shot', 'Hogger', 'King Mukla', 'The Black Knight');0.4404432132963989
('Doomsayer', 'Explosive Shot', 'Hogger', 'Mana Wraith', 'Sunwalker');0.4626038781163435
('Doomsayer', 'Explosive Shot', 'Hogger', 'Stormwind Champion', 'Sunwalker');0.45429362880886426
('Doomsayer', 'Explosive Shot', 'Hogger', 'Sunwalker', 'The Black Knight');0.44598337950138506
('Explosive Shot', 'Hogger', 'King Mukla', 'Mana Wraith', 'Sunwalker');0.48753462603878117
('Explosive Shot', 'Hogger', 'King Mukla', 'Mana Wraith', 'The Black Knight');0.43213296398891965
('Explosive Shot', 'Hogger', 'King Mukla', 'Sunwalker', 'The Black Knight');0.4709141274238227
('Explosive Shot', 'Hogger', 'King Mukla', 'Stormwind Champion', 'Sunwalker');0.4792243767313019
('Explosive Shot', 'Hogger', 'Mana Wraith', 'Stormwind Champion', 'Sunwalker');0.44598337950138506
('Explosive Shot', 'Hogger', 'Mana Wraith', 'Sunwalker', 'The Black Knight');0.4376731301939058
('Explosive Shot', 'Hogger', 'Stormwind Champion', 'Sunwalker', 'The Black Knight');0.45429362880886426
