Individual,Parent,WinCount,TotalHealthDifference,DamageDone,NumTurns,CardsDrawn,HandSize,ManaSpent,ManaWasted,StrategyAlignment,Dust,DeckManaSum,DeckManaVariance,NumMinionCards,NumSpellCards,S0:WinCount,S0:Alignment,Deck
0,-1,63,-1923,3239253,8840000,1039027,4402149,4344457,760180,26102,6920,127,6445555,26,4,63,26102,Consecration*Hammer of Wrath*Wolfrider*Ironfur Grizzly*Silverback Patriarch*Lord of the Arena*Stonetusk Boar*Bluegill Warrior*Young Priestess*Big Game Hunter*Jungle Panther*Silvermoon Guardian*Stranglethorn Tiger*Windfury Harpy*Ancient Brewmaster*Acidic Swamp Ooze*Gadgetzan Auctioneer*Gadgetzan Auctioneer*Abomination*Mountain Giant*Noble Sacrifice*Eye for an Eye*Baron Geddon*Aldor Peacekeeper*Malygos*Dalaran Mage*Priestess of Elune*Knife Juggler*Doomsayer*Gruul
8,-1,66,-1766,3545959,8105000,1096236,3997532,4004935,668106,26922,3480,115,5005555,26,4,66,26922,Goldshire Footman*Magma Rager*Ironfur Grizzly*Southsea Deckhand*Ravenholdt Assassin*Lord of the Arena*Bluegill Warrior*Sen'jin Shieldmasta*War Golem*Elven Archer*Reckless Rocketeer*Venture Co. Mercenary*Big Game Hunter*Scarlet Crusader*Thrallmar Farseer*Stranglethorn Tiger*Spellbreaker*Crazed Alchemist*Gadgetzan Auctioneer*Divine Favor*Lay on Hands*Holy Wrath*Hand of Protection*Amani Berserker*Grimscale Oracle*Ysera*Nightblade*Knife Juggler*Bloodsail Corsair*Violet Teacher
9,-1,86,-779,4315144,8155000,998160,3488044,3960760,762109,36274,6420,107,4578888,29,1,86,36274,Goldshire Footman*Fen Creeper*Raid Leader*Stormpike Commando*Stormpike Commando*Murloc Raider*Razorfen Hunter*Stormwind Champion*Venture Co. Mercenary*Young Priestess*Jungle Panther*Dragonling Mechanic*Sunwalker*Windfury Harpy*Spellbreaker*Mana Addict*Crazed Alchemist*Pint-Sized Summoner*Tinkmaster Overspark*Coldlight Seer*Eye for an Eye*Argent Protector*Tauren Warrior*Murloc Tidehunter*The Beast*Sea Giant*Captain Greenskin*Bloodsail Corsair*Bloodsail Corsair*Stampeding Kodo
16,-1,99,-186,4487452,7970000,1000000,3262233,3964868,686951,37240,2520,99,4610000,27,1,99,37240,Light's Justice*Truesilver Champion*Wolfrider*Ironfur Grizzly*Ironforge Rifleman*Stonetusk Boar*Injured Blademaster*Chillwind Yeti*War Golem*Core Hound*Reckless Rocketeer*Stormwind Champion*Wisp*Worgen Infiltrator*Jungle Panther*Jungle Panther*Thrallmar Farseer*Silvermoon Guardian*Leper Gnome*Youthful Brewmaster*Secretkeeper*Abomination*Eye for an Eye*Dire Wolf Alpha*Dire Wolf Alpha*Emperor Cobra*Amani Berserker*Harvest Golem*Onyxia*Nightblade
60,-1,114,306,4638665,8095000,1069178,3137121,3969734,701050,43616,4180,90,2800000,27,2,114,43616,Light's Justice*River Crocolisk*Frostwolf Grunt*Raid Leader*Silver Hand Knight*Murloc Raider*Ogre Magi*Stormwind Champion*Lightwarden*Voodoo Doctor*Leper Gnome*Dark Iron Dwarf*Dark Iron Dwarf*Sunfury Protector*Defender of Argus*Demolisher*Coldlight Seer*Frost Elemental*Blessing of Wisdom*Holy Wrath*Aldor Peacekeeper*Tauren Warrior*Murloc Warleader*Illidan Stormrage*Hungry Crab*Knife Juggler*Bloodsail Corsair*Violet Teacher*Violet Teacher*Southsea Captain
519,60,115,231,4791331,8075000,1057585,3078018,3892879,822910,43758,4180,90,2800000,27,2,115,43758,Light's Justice*River Crocolisk*Frostwolf Grunt*Raid Leader*Silver Hand Knight*Ogre Magi*Stormwind Champion*Lightwarden*Voodoo Doctor*Voodoo Doctor*Leper Gnome*Dark Iron Dwarf*Dark Iron Dwarf*Sunfury Protector*Defender of Argus*Demolisher*Coldlight Seer*Frost Elemental*Blessing of Wisdom*Holy Wrath*Aldor Peacekeeper*Tauren Warrior*Murloc Warleader*Illidan Stormrage*Hungry Crab*Knife Juggler*Bloodsail Corsair*Violet Teacher*Violet Teacher*Southsea Captain
536,60,122,729,4884874,8165000,1070422,3185548,3938763,783833,45051,4180,90,2800000,27,2,122,45051,Light's Justice*River Crocolisk*Frostwolf Grunt*Raid Leader*Silver Hand Knight*Murloc Raider*Ogre Magi*Stormwind Champion*Lightwarden*Voodoo Doctor*Leper Gnome*Dark Iron Dwarf*Dark Iron Dwarf*Sunfury Protector*Defender of Argus*Demolisher*Coldlight Seer*Frost Elemental*Blessing of Wisdom*Holy Wrath*Aldor Peacekeeper*Tauren Warrior*Murloc Warleader*Illidan Stormrage*Hungry Crab*Knife Juggler*Bloodsail Corsair*Violet Teacher*Violet Teacher*Southsea Captain
649,60,123,539,4517282,8390000,1054827,3117401,4070917,792014,45715,4080,91,2832222,26,3,123,45715,Light's Justice*Consecration*River Crocolisk*Frostwolf Grunt*Raid Leader*Silver Hand Knight*Murloc Raider*Ogre Magi*Stormwind Champion*Lightwarden*Voodoo Doctor*Leper Gnome*Dark Iron Dwarf*Dark Iron Dwarf*Sunfury Protector*Defender of Argus*Demolisher*Frost Elemental*Blessing of Wisdom*Holy Wrath*Aldor Peacekeeper*Tauren Warrior*Murloc Warleader*Illidan Stormrage*Hungry Crab*Knife Juggler*Bloodsail Corsair*Violet Teacher*Violet Teacher*Southsea Captain
1084,60,124,608,4833723,8540000,1073770,3259367,4077868,820257,42428,4240,92,3062222,27,2,124,42428,Light's Justice*River Crocolisk*Frostwolf Grunt*Raid Leader*Silver Hand Knight*Murloc Raider*Ogre Magi*Stormwind Champion*Lightwarden*Voodoo Doctor*Leper Gnome*Sunwalker*Dark Iron Dwarf*Sunfury Protector*Defender of Argus*Demolisher*Coldlight Seer*Frost Elemental*Blessing of Wisdom*Holy Wrath*Aldor Peacekeeper*Tauren Warrior*Murloc Warleader*Illidan Stormrage*Hungry Crab*Knife Juggler*Bloodsail Corsair*Violet Teacher*Violet Teacher*Southsea Captain
1876,1271,126,413,4274971,8910000,1056677,3644219,4295735,804713,35754,8380,112,5262222,25,5,126,35754,Blessing of Might*Blessing of Might*River Crocolisk*Ironfur Grizzly*Silverback Patriarch*Stonetusk Boar*Ogre Magi*Spiteful Smith*Stormwind Champion*Lightwarden*Windfury Harpy*Dark Iron Dwarf*Defender of Argus*Abomination*Demolisher*Noble Sacrifice*Lay on Hands*Aldor Peacekeeper*Tirion Fordring*Avenging Wrath*Tauren Warrior*Amani Berserker*Shieldbearer*Nozdormu*Wild Pyromancer*Violet Teacher*Millhouse Manastorm*Master Swordsmith*Hogger*Stampeding Kodo
2093,1669,127,594,4491329,8650000,1024855,4147976,4214450,749132,35061,8140,127,5712222,28,1,127,35061,Consecration*Truesilver Champion*Earthen Ring Farseer*Raid Leader*Stormwind Knight*Gnomish Inventor*Stormpike Commando*Lord of the Arena*Boulderfist Ogre*Stormwind Champion*Lightwarden*Angry Chicken*Silvermoon Guardian*Sunwalker*Dark Iron Dwarf*Acidic Swamp Ooze*Pint-Sized Summoner*Lorewalker Cho*Emperor Cobra*Aldor Peacekeeper*Tirion Fordring*Amani Berserker*Amani Berserker*Murloc Warleader*Onyxia*Malygos*Sea Giant*Nightblade*Mana Wraith*Flesheating Ghoul
2245,1489,131,1241,4131564,9235000,1134271,3257715,4365457,910124,45706,7300,98,3995555,25,5,131,45706,Consecration*Silverback Patriarch*Stonetusk Boar*Ironbeak Owl*Lightwarden*The Black Knight*Argent Squire*Voodoo Doctor*Novice Engineer*Scarlet Crusader*Dark Iron Dwarf*Defender of Argus*Abomination*Demolisher*Noble Sacrifice*Lay on Hands*Blessing of Wisdom*Aldor Peacekeeper*Tirion Fordring*Avenging Wrath*Tauren Warrior*Amani Berserker*Amani Berserker*Shieldbearer*Wild Pyromancer*Violet Teacher*Southsea Captain*Master Swordsmith*Hogger*Stampeding Kodo
3120,2245,148,1775,3907700,9480000,1115506,3264240,4377109,979957,51298,7200,98,3995555,24,6,148,51298,Consecration*Consecration*Silverback Patriarch*Stonetusk Boar*Ironbeak Owl*Lightwarden*The Black Knight*Argent Squire*Voodoo Doctor*Novice Engineer*Scarlet Crusader*Dark Iron Dwarf*Defender of Argus*Abomination*Demolisher*Noble Sacrifice*Lay on Hands*Blessing of Wisdom*Aldor Peacekeeper*Tirion Fordring*Avenging Wrath*Tauren Warrior*Amani Berserker*Amani Berserker*Shieldbearer*Wild Pyromancer*Southsea Captain*Master Swordsmith*Hogger*Stampeding Kodo
4257,3866,149,1434,3892172,9135000,999452,3836891,4470169,733990,39140,6120,119,4432222,23,5,149,39140,Fen Creeper*Light's Justice*Blessing of Kings*Consecration*Consecration*Truesilver Champion*Raid Leader*Stormwind Knight*Stormpike Commando*Lord of the Arena*Silvermoon Guardian*Leper Gnome*Sunwalker*Dark Iron Dwarf*Acidic Swamp Ooze*Pint-Sized Summoner*Demolisher*Coldlight Seer*Emperor Cobra*Tirion Fordring*Avenging Wrath*Amani Berserker*Amani Berserker*Grimscale Oracle*Alexstrasza*Onyxia*Nightblade*Equality*Dread Corsair*Flesheating Ghoul
5207,4081,154,1827,4313809,9305000,1118216,3345513,4476088,795808,50200,7320,104,3515555,26,4,154,50200,Consecration*Consecration*Silverback Patriarch*Stonetusk Boar*Ironbeak Owl*Argent Squire*Argent Squire*Voodoo Doctor*Novice Engineer*Scarlet Crusader*Dark Iron Dwarf*Dark Iron Dwarf*Argent Commander*Defender of Argus*Abomination*Demolisher*Lay on Hands*Aldor Peacekeeper*Aldor Peacekeeper*Tirion Fordring*Avenging Wrath*Tauren Warrior*Amani Berserker*Mana Wraith*Wild Pyromancer*Southsea Captain*Millhouse Manastorm*Master Swordsmith*Hogger*Stampeding Kodo
6823,5207,155,2141,4753424,8760000,1030251,2984589,4209474,822488,54561,6900,96,2893333,27,3,155,54561,Consecration*Consecration*Raid Leader*Stonetusk Boar*Ironbeak Owl*Argent Squire*Argent Squire*Voodoo Doctor*Novice Engineer*Scarlet Crusader*Leper Gnome*Dark Iron Dwarf*Dark Iron Dwarf*Argent Commander*Defender of Argus*Demolisher*Aldor Peacekeeper*Aldor Peacekeeper*Tirion Fordring*Avenging Wrath*Tauren Warrior*Amani Berserker*Mogu'shan Warden*Mana Wraith*Wild Pyromancer*Southsea Captain*Millhouse Manastorm*Master Swordsmith*Hogger*Stampeding Kodo
9450,7803,157,1850,3958703,9565000,1040773,4200731,4666492,733403,40468,10880,130,3222222,26,4,157,40468,Consecration*Archmage*Sen'jin Shieldmasta*Ironbeak Owl*Darkscale Healer*Lightwarden*The Black Knight*Argent Squire*King Mukla*Scarlet Crusader*Sunwalker*Dark Iron Dwarf*Mind Control Tech*Defender of Argus*Defender of Argus*Abomination*Lay on Hands*Aldor Peacekeeper*Tirion Fordring*Avenging Wrath*Avenging Wrath*Tauren Warrior*Amani Berserker*Priestess of Elune*Illidan Stormrage*Violet Teacher*Southsea Captain*Master Swordsmith*Hogger*Stampeding Kodo
